{"Vergi Mufiyeti": {"2003-0.0343": 1.5}, "DOLAR": {"1997-0.003315": 0.11, "1998-0.00582": 0.21215895, "1999-0.009975": 0.32205524, "2000-0.01381": 0.5465011, "2001-0.01824": 0.67, "2002-0.0303": 1.37, "2003-0.0343": 1.66, "2004-0.03642": 1.35, "2005-0.0401": 1.36, "2006-0.04265": 1.33, "2007-0.046985": 1.43, "2008-0.049486": 1.18, "2009-0.053505": 1.6, "2010-0.057383": 1.47, "2011-0.061954": 1.56, "2012-0.068835": 1.85, "2013-0.073837": 1.77, "2014-0.076998": 2.22, "2015-0.079308": 2.33, "2016-0.088817": 3.01, "2017-0.096058": 3.74, "2018-0.10855": 3.78, "2019-0.130597": 5.38, "2020-0.146061": 5.93, "2021-0.165786": 7.41, "2022-0.235445": 13.54, "2023-0.433684": 18.79, "2024-0.760871": 30.05375, "2025-1.012556": 35.51983182, "2026-1.387871": 43.19014286}, "EURO": {"1999-0.009975": 0.374662, "2000-0.01381": 0.5543173, "2001-0.01824": 0.63, "2002-0.0303": 1.21, "2003-0.0343": 1.76, "2004-0.03642": 1.7, "2005-0.0401": 1.79, "2006-0.04265": 1.61, "2007-0.046985": 1.85, "2008-0.049486": 1.73, "2009-0.053505": 2.13, "2010-0.057383": 2.11, "2011-0.061954": 2.08, "2012-0.068835": 2.38, "2013-0.073837": 2.35, "2014-0.076998": 3.03, "2015-0.079308": 2.72, "2016-0.088817": 3.27, "2017-0.096058": 3.97, "2018-0.10855": 4.6, "2019-0.130597": 6.14, "2020-0.146061": 6.59, "2021-0.165786": 9.02, "2022-0.235445": 15.34, "2023-0.433684": 20.23, "2024-0.760871": 32.81, "2025-1.012556": 36.78291818, "2026-1.387871": 50.65428095}}