{
  "sourceColumn": "CN",
  "temmuzColumn": "CO",
  "dilimLimits": [
    190000.0,
    400000.0,
    1500000.0,
    5300000.0
  ],
  "dilimBaseTax": [
    28500.0,
    70500.0,
    367500.0,
    1697500.0
  ],
  "dilimRates": [
    0.15,
    0.2,
    0.27,
    0.35,
    0.4
  ],
  "damgaRate": 0.00759,
  "damgaMuafiyetBm": 250.69770000000003,
  "agiMonthly": 0.0,
  "deductionMode": "crossColumn",
  "crossColumnThresholds": {
    "gvFirstHalf": [
      4211.325,
      4211.325,
      4211.325000000001,
      4211.324999999999,
      4211.325000000001,
      4211.325000000001
    ],
    "gvSecondHalf": [
      4537.75,
      5615.100000000002,
      5615.0999999999985,
      5615.0999999999985,
      5615.100000000006,
      5615.099999999991
    ],
    "dvMuafOcak": 250.69770000000003,
    "dvMuafTem": 250.69770000000003
  }
}